channel,net_revenue_zar,gross_margin_zar,orders
Organic Search,2446041.058844,1159009.448844,1124
Direct,1822488.009883,886298.319883,869
Paid Search,1788975.376101,863088.706101,901
Paid Social,1722364.362274,831792.582274,808
Email,1353177.61271,653097.78271,673
Marketplace,694046.605162,332707.465162,352
