channel,quantity,gross_revenue_zar,discount_amount_zar,net_revenue_zar,gross_margin_zar,return_amount_zar,estimated_spend_zar,roas,decision
Organic Search,731065,1040409732.6800001,42408023.160000004,998001709.52,484296528.13,49174848.09,34930059.8332,28.57142857142857,Optimize creative and landing pages
Paid Search,527622,755112566.97,30716846.39,724395720.5800002,351465175.28999996,35614777.989999995,105037379.48410001,6.8965517241379315,Constrain spend; use for learning
Paid Social,525494,747886644.4699999,30449180.54,717437463.93,348262646.84999996,35460390.36,121964368.8681,5.88235294117647,Constrain spend; use for learning
Direct,498041,706687438.95,28897709.169999998,677789729.78,328971415.76,33539300.2,6777897.2978,100.0,Automate and scale
Email,439037,622709508.46,25420677.34,597288831.1199999,289971764.6999999,29684111.12,10751198.960159997,55.555555555555564,Automate and scale
Marketplace,204335,291261848.94000006,11927891.31,279333957.63,135529721.12,14032993.540000001,32123405.12745,8.695652173913043,Constrain spend; use for learning
