forecast_month,forecast_net_revenue_zar
2026-07,129627592.79349999
2026-08,118118722.6335
2026-09,106413145.3685
2026-10,106399810.32849999
2026-11,128729963.0435
2026-12,142703615.7385
