Test,Visitors A,Conversions A,Conversion A,Visitors B,Conversions B,Conversion B,Observed lift,P-value,Statistically significant,Estimated incremental revenue,Estimated incremental gross margin,Recommendation
Eyewear PDP hero,13000,371,0.028538461538461537,13000,394,0.030307692307692306,0.06199460916442057,0.3986263016556185,No,36340.0,18533.4,Keep testing
Bundle offer,21000,861,0.041,21000,1048,0.0499047619047619,0.21718931475029035,1.1831875286099223e-05,Yes,583440.0,280051.2,Roll out
Free shipping threshold,18000,939,0.05216666666666667,18000,1036,0.057555555555555554,0.10330138445154424,0.024760161573687194,Yes,192060.0,94109.4,Roll out
Email lifecycle,30000,532,0.017733333333333334,30000,691,0.023033333333333333,0.29887218045112784,4.356058229286369e-06,Yes,357750.0,189607.5,Roll out
SEO landing page,9000,228,0.025333333333333333,9000,241,0.02677777777777778,0.05701754385964919,0.5430145063574872,No,18850.0,9425.0,Keep testing
AI recommendation widget,15000,547,0.03646666666666667,15000,635,0.042333333333333334,0.16087751371115178,0.009012599467450403,Yes,212960.0,110739.2,Roll out
